row_index	case_id	status	U	V	energy	U_numeric	V_numeric	energy_numeric
0	case-0001	succeeded	1	1	-2.1348841383674584	1.0	1.0	-2.1348841383674584
1	case-0002	succeeded	1	2	6.76912537626335	1.0	2.0	6.76912537626335
2	case-0003	succeeded	1	4	11.348001099305451	1.0	4.0	11.348001099305451
3	case-0004	succeeded	1	8	13.762126300492044	1.0	8.0	13.762126300492044
4	case-0005	succeeded	2	1	7.3752018025626995	2.0	1.0	7.3752018025626995
5	case-0006	succeeded	2	2	21.668746526695863	2.0	2.0	21.668746526695863
6	case-0007	succeeded	2	4	27.104431177220484	2.0	4.0	27.104431177220484
7	case-0008	succeeded	2	8	29.705611165723457	2.0	8.0	29.705611165723457
8	case-0009	succeeded	4	1	22.024524158423205	4.0	1.0	22.024524158423205
9	case-0010	succeeded	4	2	64.9551548583694	4.0	2.0	64.9551548583694
10	case-0011	succeeded	4	4	58.54110261503909	4.0	4.0	58.54110261503909
11	case-0012	succeeded	4	8	61.57880926661642	4.0	8.0	61.57880926661642
12	case-0013	succeeded	8	1	33.204496860436265	8.0	1.0	33.204496860436265
13	case-0014	succeeded	8	2	79.22803360085611	8.0	2.0	79.22803360085611
14	case-0015	succeeded	8	4	170.98730466595316	8.0	4.0	170.98730466595316
15	case-0016	succeeded	8	8	125.25793566554154	8.0	8.0	125.25793566554154
16	grid-0001	succeeded	1.5	1.5	10.434706343247205	1.5	1.5	10.434706343247205
17	grid-0002	succeeded	1.5	3.0	17.62215441026125	1.5	3.0	17.62215441026125
18	grid-0003	succeeded	1.5	6.0	20.89699545752	1.5	6.0	20.89699545752
19	grid-0004	succeeded	3.0	1.5	36.76499974747461	3.0	1.5	36.76499974747461
20	grid-0005	succeeded	3.0	3.0	40.89163700028146	3.0	3.0	40.89163700028146
21	grid-0006	succeeded	3.0	6.0	44.716250065715286	3.0	6.0	44.716250065715286
22	grid-0007	succeeded	6.0	1.5	52.5901635684155	6.0	1.5	52.5901635684155
23	grid-0008	succeeded	6.0	3.0	118.87412647033491	6.0	3.0	118.87412647033491
24	grid-0009	succeeded	6.0	6.0	92.29853733704951	6.0	6.0	92.29853733704951
25	grid-0010	succeeded	6.0	2.0	74.59722343984531	6.0	2.0	74.59722343984531
26	grid-0011	succeeded	6.0	4.0	89.83997304440086	6.0	4.0	89.83997304440086
27	grid-0012	succeeded	4.0	3.0	56.3254507783221	4.0	3.0	56.3254507783221
28	grid-0013	succeeded	8.0	3.0	115.155021482978	8.0	3.0	115.155021482978
29	grid-0014	succeeded	1.5	1.0	0.5556892907914879	1.5	1.0	0.5556892907914879
30	grid-0015	succeeded	1.5	2.0	14.249738103303855	1.5	2.0	14.249738103303855
31	grid-0016	succeeded	1.0	1.5	3.4069744190614877	1.0	1.5	3.4069744190614877
32	grid-0017	succeeded	2.0	1.5	17.295425241448147	2.0	1.5	17.295425241448147
33	grid-0018	succeeded	6.0	8.0	93.42047426011032	6.0	8.0	93.42047426011032
34	grid-0019	succeeded	4.0	6.0	60.60081276263435	4.0	6.0	60.60081276263435
35	grid-0020	succeeded	8.0	6.0	123.98371417827022	8.0	6.0	123.98371417827022
36	grid-0021	succeeded	3.0	2.0	36.26340707694768	3.0	2.0	36.26340707694768
37	grid-0022	succeeded	3.0	4.0	42.83552259380892	3.0	4.0	42.83552259380892
38	grid-0023	succeeded	2.0	3.0	25.39378842982754	2.0	3.0	25.39378842982754
39	grid-0024	succeeded	3.0	1.0	16.101787369440686	3.0	1.0	16.101787369440686
40	grid-0025	succeeded	4.0	1.5	43.72805037377358	4.0	1.5	43.72805037377358
41	grid-0026	succeeded	6.0	1.0	28.06468425393487	6.0	1.0	28.06468425393487
42	grid-0027	succeeded	8.0	1.5	56.28847733432917	8.0	1.5	56.28847733432917
43	grid-0028	succeeded	1.25	1.25	3.9563321040911172	1.25	1.25	3.9563321040911172
44	grid-0029	succeeded	1.25	1.75	9.007012515319769	1.25	1.75	9.007012515319769
45	grid-0030	succeeded	1.75	1.25	9.110138369740671	1.75	1.25	9.110138369740671
46	grid-0031	succeeded	1.75	1.75	16.26795978194651	1.75	1.75	16.26795978194651
47	grid-0032	succeeded	2.5	1.25	22.203591199676225	2.5	1.25	22.203591199676225
48	grid-0033	succeeded	2.5	1.75	26.940284072085692	2.5	1.75	26.940284072085692
49	grid-0034	succeeded	2.5	2.5	31.64780278444934	2.5	2.5	31.64780278444934
50	grid-0035	succeeded	2.5	3.5	34.20639088878642	2.5	3.5	34.20639088878642
51	grid-0036	succeeded	3.5	1.25	30.037065205536308	3.5	1.25	30.037065205536308
52	grid-0037	succeeded	3.5	1.75	51.00188499485364	3.5	1.75	51.00188499485364
53	grid-0038	succeeded	3.5	2.5	46.77570684107033	3.5	2.5	46.77570684107033
54	grid-0039	succeeded	3.5	3.5	49.83082376452901	3.5	3.5	49.83082376452901
55	grid-0040	succeeded	5.0	1.25	37.41938065923193	5.0	1.25	37.41938065923193
56	grid-0041	succeeded	5.0	1.75	59.59179833390681	5.0	1.75	59.59179833390681
57	grid-0042	succeeded	5.0	2.5	92.22027998252375	5.0	2.5	92.22027998252375
58	grid-0043	succeeded	5.0	3.5	73.16035169479264	5.0	3.5	73.16035169479264
59	grid-0044	succeeded	5.0	5.0	75.57871042572297	5.0	5.0	75.57871042572297
60	grid-0045	succeeded	5.0	7.0	77.0594943553491	5.0	7.0	77.0594943553491
61	grid-0046	succeeded	7.0	1.25	42.417071958959525	7.0	1.25	42.417071958959525
62	grid-0047	succeeded	7.0	1.75	65.0815646532488	7.0	1.75	65.0815646532488
63	grid-0048	succeeded	7.0	2.5	100.33179295472416	7.0	2.5	100.33179295472416
64	grid-0049	succeeded	7.0	3.5	145.09450686631922	7.0	3.5	145.09450686631922
65	grid-0050	succeeded	7.0	5.0	107.1159025090001	7.0	5.0	107.1159025090001
66	grid-0051	succeeded	7.0	7.0	108.84139841669185	7.0	7.0	108.84139841669185
67	grid-0052	succeeded	7.0	3.0	122.83958514859216	7.0	3.0	122.83958514859216
68	grid-0053	succeeded	7.0	4.0	105.42516605119259	7.0	4.0	105.42516605119259
69	grid-0054	succeeded	6.0	3.5	88.6271283625099	6.0	3.5	88.6271283625099
70	grid-0055	succeeded	8.0	3.5	148.50922760354612	8.0	3.5	148.50922760354612
71	grid-0056	succeeded	7.0	2.0	76.30346385279654	7.0	2.0	76.30346385279654
72	grid-0057	succeeded	6.0	2.5	96.88907283825132	6.0	2.5	96.88907283825132
73	grid-0058	succeeded	8.0	2.5	101.9736968649298	8.0	2.5	101.9736968649298
74	grid-0059	succeeded	7.0	6.0	108.15081713645175	7.0	6.0	108.15081713645175
75	grid-0060	succeeded	6.0	5.0	91.35169557195958	6.0	5.0	91.35169557195958
76	grid-0061	succeeded	8.0	5.0	122.84923488555758	8.0	5.0	122.84923488555758
77	grid-0062	succeeded	5.0	3.0	71.02373960198939	5.0	3.0	71.02373960198939
78	grid-0063	succeeded	5.0	4.0	74.21178629929484	5.0	4.0	74.21178629929484
79	grid-0064	succeeded	4.0	3.5	57.624174182552856	4.0	3.5	57.624174182552856
80	grid-0065	succeeded	5.0	2.0	70.56808692727805	5.0	2.0	70.56808692727805
81	grid-0066	succeeded	4.0	2.5	54.25097731499124	4.0	2.5	54.25097731499124
82	grid-0067	succeeded	3.5	2.0	42.445088510054326	3.5	2.0	42.445088510054326
83	grid-0068	succeeded	3.5	3.0	48.61548691962369	3.5	3.0	48.61548691962369
84	grid-0069	succeeded	3.0	2.5	39.24150013547316	3.0	2.5	39.24150013547316
85	grid-0070	succeeded	3.5	1.5	40.60475405890836	3.5	1.5	40.60475405890836
86	grid-0071	succeeded	3.0	1.75	32.815076967176076	3.0	1.75	32.815076967176076
87	grid-0072	succeeded	4.0	1.75	54.41568201462361	4.0	1.75	54.41568201462361
88	grid-0073	succeeded	2.5	1.5	22.765052600689707	2.5	1.5	22.765052600689707
89	grid-0074	succeeded	2.5	2.0	29.0145511609196	2.5	2.0	29.0145511609196
90	grid-0075	succeeded	2.0	1.75	19.85704970614477	2.0	1.75	19.85704970614477
91	grid-0076	succeeded	1.25	1.0	-2.086655187081683	1.25	1.0	-2.086655187081683
92	grid-0077	succeeded	1.25	1.5	6.9387063903064785	1.25	1.5	6.9387063903064785
93	grid-0078	succeeded	1.0	1.25	0.6462553067950636	1.0	1.25	0.6462553067950636
94	grid-0079	succeeded	1.5	1.25	7.202358604127391	1.5	1.25	7.202358604127391
95	grid-0080	succeeded	2.5	1.0	12.134891606458034	2.5	1.0	12.134891606458034
96	grid-0081	succeeded	2.0	1.25	12.115551801405994	2.0	1.25	12.115551801405994
97	grid-0082	succeeded	3.0	1.25	26.531142587484087	3.0	1.25	26.531142587484087
98	grid-0083	succeeded	1.75	1.0	4.8781704894840345	1.75	1.0	4.8781704894840345
99	grid-0084	succeeded	1.75	1.5	13.8883503980079	1.75	1.5	13.8883503980079
100	grid-0085	succeeded	7.0	1.5	53.780447852568535	7.0	1.5	53.780447852568535
101	grid-0086	succeeded	6.0	1.75	63.36431196599946	6.0	1.75	63.36431196599946
102	grid-0087	succeeded	8.0	1.75	67.77880901947754	8.0	1.75	67.77880901947754
103	grid-0088	succeeded	7.0	1.0	31.0024291831153	7.0	1.0	31.0024291831153
104	grid-0089	succeeded	6.0	1.25	39.22007363935564	6.0	1.25	39.22007363935564
105	grid-0090	succeeded	8.0	1.25	44.76231227877153	8.0	1.25	44.76231227877153
106	grid-0091	succeeded	1.125	1.125	0.37149750999708697	1.125	1.125	0.37149750999708697
107	grid-0092	succeeded	1.125	1.375	3.880811983864832	1.125	1.375	3.880811983864832
108	grid-0093	succeeded	1.375	1.125	3.468523709049865	1.375	1.125	3.468523709049865
109	grid-0094	succeeded	1.375	1.375	7.293682579129759	1.375	1.375	7.293682579129759
110	grid-0095	succeeded	1.625	1.125	5.072633808623841	1.625	1.125	5.072633808623841
111	grid-0096	succeeded	1.625	1.375	10.65553519911619	1.625	1.375	10.65553519911619
112	grid-0097	succeeded	1.875	1.125	7.8456258263541265	1.875	1.125	7.8456258263541265
113	grid-0098	succeeded	1.875	1.375	13.959043190308154	1.875	1.375	13.959043190308154
114	grid-0099	succeeded	2.25	1.125	14.811741062503105	2.25	1.125	14.811741062503105
115	grid-0100	succeeded	2.25	1.375	17.529758363402046	2.25	1.375	17.529758363402046
116	grid-0101	succeeded	2.25	1.625	22.165356514028442	2.25	1.625	22.165356514028442
117	grid-0102	succeeded	2.25	1.875	24.46454292300566	2.25	1.875	24.46454292300566
118	grid-0103	succeeded	2.75	1.125	19.37657271400939	2.75	1.125	19.37657271400939
119	grid-0104	succeeded	2.75	1.375	29.525109373560245	2.75	1.375	29.525109373560245
120	grid-0105	succeeded	2.75	1.625	27.85151399353414	2.75	1.625	27.85151399353414
121	grid-0106	succeeded	2.75	1.875	31.63763584192695	2.75	1.875	31.63763584192695
122	grid-0107	succeeded	3.25	1.625	43.92236766713022	3.25	1.625	43.92236766713022
123	grid-0108	succeeded	3.25	1.875	53.9999209999375	3.25	1.875	53.9999209999375
124	grid-0109	succeeded	3.25	2.25	40.88614654239741	3.25	2.25	40.88614654239741
125	grid-0110	succeeded	3.25	2.75	44.00597356983235	3.25	2.75	44.00597356983235
126	grid-0111	succeeded	3.75	1.625	47.53937171523627	3.75	1.625	47.53937171523627
127	grid-0112	succeeded	3.75	1.875	58.0103894564579	3.75	1.875	58.0103894564579
128	grid-0113	succeeded	3.75	2.25	48.16500243467929	3.75	2.25	48.16500243467929
129	grid-0114	succeeded	3.75	2.75	51.654718737007116	3.75	2.75	51.654718737007116
130	grid-0115	succeeded	4.5	2.25	78.67969923344594	4.5	2.25	78.67969923344594
131	grid-0116	succeeded	4.5	2.75	62.32224155359233	4.5	2.75	62.32224155359233
132	grid-0117	succeeded	4.5	3.25	64.76539974933523	4.5	3.25	64.76539974933523
133	grid-0118	succeeded	4.5	3.75	65.93158279435426	4.5	3.75	65.93158279435426
134	grid-0119	succeeded	5.5	2.25	83.78233162000164	5.5	2.25	83.78233162000164
135	grid-0120	succeeded	5.5	2.75	105.6101907336832	5.5	2.75	105.6101907336832
136	grid-0121	succeeded	5.5	3.25	80.17822567784302	5.5	3.25	80.17822567784302
137	grid-0122	succeeded	5.5	3.75	81.52108369313713	5.5	3.75	81.52108369313713
138	grid-0123	succeeded	6.5	1.625	57.78226741075953	6.5	1.625	57.78226741075953
139	grid-0124	succeeded	6.5	1.875	71.6211819008428	6.5	1.875	71.6211819008428
140	grid-0125	succeeded	6.5	2.25	87.49928301189459	6.5	2.25	87.49928301189459
141	grid-0126	succeeded	6.5	2.75	109.90409388872351	6.5	2.75	109.90409388872351
142	grid-0127	succeeded	6.5	3.25	132.03072960487947	6.5	3.25	132.03072960487947
143	grid-0128	succeeded	6.5	3.75	96.61702930650121	6.5	3.75	96.61702930650121
144	grid-0129	succeeded	6.5	4.5	98.54725207348295	6.5	4.5	98.54725207348295
145	grid-0130	succeeded	6.5	5.5	99.78163865447776	6.5	5.5	99.78163865447776
146	grid-0131	succeeded	7.5	1.625	60.834169702002264	7.5	1.625	60.834169702002264
147	grid-0132	succeeded	7.5	1.875	72.21730561010403	7.5	1.875	72.21730561010403
148	grid-0133	succeeded	7.5	2.25	89.17615016174369	7.5	2.25	89.17615016174369
149	grid-0134	succeeded	7.5	2.75	105.65249788429422	7.5	2.75	105.65249788429422
150	grid-0135	succeeded	7.5	3.25	135.7053210069426	7.5	3.25	135.7053210069426
151	grid-0136	succeeded	7.5	3.75	158.0769200588138	7.5	3.75	158.0769200588138
152	grid-0137	succeeded	7.5	4.5	114.22240141494409	7.5	4.5	114.22240141494409
153	grid-0138	succeeded	7.5	5.5	115.58273303450362	7.5	5.5	115.58273303450362
154	grid-0139	succeeded	7.5	2.5	100.38426923817444	7.5	2.5	100.38426923817444
155	grid-0140	succeeded	7.5	3.0	124.42883286408865	7.5	3.0	124.42883286408865
156	grid-0141	succeeded	7.0	2.75	111.61241280809298	7.0	2.75	111.61241280809298
157	grid-0142	succeeded	8.0	2.75	113.2505543893559	8.0	2.75	113.2505543893559
158	grid-0143	succeeded	3.25	1.75	48.99541880489383	3.25	1.75	48.99541880489383
159	grid-0144	succeeded	3.25	2.0	39.84713246886386	3.25	2.0	39.84713246886386
160	grid-0145	succeeded	3.0	1.875	34.21245339588849	3.0	1.875	34.21245339588849
161	grid-0146	succeeded	3.5	1.875	56.12010048141005	3.5	1.875	56.12010048141005
162	grid-0147	succeeded	6.5	1.75	63.3332020228609	6.5	1.75	63.3332020228609
163	grid-0148	succeeded	6.5	2.0	76.21707325833309	6.5	2.0	76.21707325833309
164	grid-0149	succeeded	6.0	1.875	68.98718431700655	6.0	1.875	68.98718431700655
165	grid-0150	succeeded	7.0	1.875	70.70385243215782	7.0	1.875	70.70385243215782
166	grid-0151	succeeded	7.5	4.0	169.14640196423818	7.5	4.0	169.14640196423818
167	grid-0152	succeeded	7.5	5.0	114.98603387295896	7.5	5.0	114.98603387295896
168	grid-0153	succeeded	7.0	4.5	106.38307638190325	7.0	4.5	106.38307638190325
169	grid-0154	succeeded	8.0	4.5	121.70056036477334	8.0	4.5	121.70056036477334
170	grid-0155	succeeded	7.5	3.5	146.92488728803622	7.5	3.5	146.92488728803622
171	grid-0156	succeeded	7.0	3.25	134.0043547565479	7.0	3.25	134.0043547565479
172	grid-0157	succeeded	8.0	3.25	117.09249053905948	8.0	3.25	117.09249053905948
173	grid-0158	succeeded	7.0	3.75	156.09256765005193	7.0	3.75	156.09256765005193
174	grid-0159	succeeded	8.0	3.75	159.77889065320343	8.0	3.75	159.77889065320343
175	grid-0160	succeeded	6.5	3.5	142.94965798797296	6.5	3.5	142.94965798797296
176	grid-0161	succeeded	6.5	4.0	97.62846638681447	6.5	4.0	97.62846638681447
177	grid-0162	succeeded	6.0	3.75	89.28603138038189	6.0	3.75	89.28603138038189
178	grid-0163	succeeded	5.5	3.0	116.3422371656019	5.5	3.0	116.3422371656019
179	grid-0164	succeeded	5.5	3.5	80.90426946477042	5.5	3.5	80.90426946477042
180	grid-0165	succeeded	5.0	3.25	72.48532477422584	5.0	3.25	72.48532477422584
181	grid-0166	succeeded	6.0	3.25	129.70499463934445	6.0	3.25	129.70499463934445
182	grid-0167	succeeded	6.5	3.0	121.0087482476126	6.5	3.0	121.0087482476126
183	grid-0168	succeeded	5.5	2.5	94.7474974459262	5.5	2.5	94.7474974459262
184	grid-0169	succeeded	5.0	2.75	102.84092164963103	5.0	2.75	102.84092164963103
185	grid-0170	succeeded	6.0	2.75	107.92755510040249	6.0	2.75	107.92755510040249
186	grid-0171	succeeded	4.5	2.5	60.86025303685665	4.5	2.5	60.86025303685665
187	grid-0172	succeeded	4.5	3.0	64.01498408853247	4.5	3.0	64.01498408853247
188	grid-0173	succeeded	4.0	2.75	55.45249757496667	4.0	2.75	55.45249757496667
189	grid-0174	succeeded	4.5	2.0	68.01944703827988	4.5	2.0	68.01944703827988
190	grid-0175	succeeded	4.0	2.25	51.76843300681356	4.0	2.25	51.76843300681356
191	grid-0176	succeeded	5.0	2.25	81.45166451251238	5.0	2.25	81.45166451251238
192	grid-0177	succeeded	3.75	2.0	63.17123115144525	3.75	2.0	63.17123115144525
193	grid-0178	succeeded	3.75	2.5	50.52043836043153	3.75	2.5	50.52043836043153
194	grid-0179	succeeded	3.5	2.25	44.53824775079303	3.5	2.25	44.53824775079303
195	grid-0180	succeeded	3.75	1.75	52.797471457643866	3.75	1.75	52.797471457643866
196	grid-0181	succeeded	4.0	1.875	59.706425190501356	4.0	1.875	59.706425190501356
197	grid-0182	succeeded	3.25	1.5	38.78956610746663	3.25	1.5	38.78956610746663
198	grid-0183	succeeded	3.0	1.625	41.79143647297571	3.0	1.625	41.79143647297571
199	grid-0184	succeeded	3.5	1.625	45.8276132990771	3.5	1.625	45.8276132990771
200	grid-0185	succeeded	2.75	1.5	34.506961956757785	2.75	1.5	34.506961956757785
201	grid-0186	succeeded	2.75	1.75	29.416197007426426	2.75	1.75	29.416197007426426
202	grid-0187	succeeded	2.5	1.625	25.590572769970446	2.5	1.625	25.590572769970446
203	grid-0188	succeeded	1.875	1.0	6.1229559750290035	1.875	1.0	6.1229559750290035
204	grid-0189	succeeded	1.875	1.25	14.533086099922752	1.875	1.25	14.533086099922752
205	grid-0190	succeeded	1.75	1.125	6.479490514463999	1.75	1.125	6.479490514463999
206	grid-0191	succeeded	2.0	1.125	12.29970219542732	2.0	1.125	12.29970219542732
207	grid-0192	succeeded	2.75	1.25	24.479594525564107	2.75	1.25	24.479594525564107
208	grid-0193	succeeded	2.5	1.375	27.14877646152249	2.5	1.375	27.14877646152249
209	grid-0194	succeeded	3.0	1.375	31.675770581638595	3.0	1.375	31.675770581638595
210	grid-0195	succeeded	1.125	1.0	-2.061962233767555	1.125	1.0	-2.061962233767555
211	grid-0196	succeeded	1.125	1.25	2.309473124447873	1.125	1.25	2.309473124447873
212	grid-0197	succeeded	1.0	1.125	-1.2100932667496882	1.0	1.125	-1.2100932667496882
213	grid-0198	succeeded	1.25	1.125	1.931481764565604	1.25	1.125	1.931481764565604
214	grid-0199	succeeded	2.25	1.25	19.73560483544596	2.25	1.25	19.73560483544596
215	grid-0200	succeeded	2.25	1.5	20.650065066837108	2.25	1.5	20.650065066837108
216	grid-0201	succeeded	2.0	1.375	14.396720928121214	2.0	1.375	14.396720928121214
217	grid-0202	succeeded	2.25	1.0	9.834738495807748	2.25	1.0	9.834738495807748
218	grid-0203	succeeded	2.5	1.125	17.197771753396633	2.5	1.125	17.197771753396633
219	grid-0204	succeeded	1.625	1.0	3.6526990620010036	1.625	1.0	3.6526990620010036
220	grid-0205	succeeded	1.625	1.25	8.797392875685205	1.625	1.25	8.797392875685205
221	grid-0206	succeeded	1.5	1.125	3.631487599422085	1.5	1.125	3.631487599422085
222	grid-0207	succeeded	7.5	2.0	77.88729303674911	7.5	2.0	77.88729303674911
223	grid-0208	succeeded	7.0	2.25	87.42307854769523	7.0	2.25	87.42307854769523
224	grid-0209	succeeded	8.0	2.25	90.62931319845033	8.0	2.25	90.62931319845033
225	grid-0210	succeeded	6.5	1.5	52.19939565272185	6.5	1.5	52.19939565272185
226	grid-0211	succeeded	6.0	1.625	57.72939652449587	6.0	1.625	57.72939652449587
227	grid-0212	succeeded	7.0	1.625	59.43965807112055	7.0	1.625	59.43965807112055
228	grid-0213	succeeded	5.0	1.0	26.243549687240577	5.0	1.0	26.243549687240577
229	grid-0214	succeeded	5.0	1.5	48.5384041317366	5.0	1.5	48.5384041317366
230	grid-0215	succeeded	4.0	1.25	32.92379099452464	4.0	1.25	32.92379099452464
231	grid-0216	succeeded	1.375	1.0	-0.7413898303900734	1.375	1.0	-0.7413898303900734
232	grid-0217	succeeded	1.375	1.25	5.587600065613404	1.375	1.25	5.587600065613404
233	grid-0218	succeeded	6.5	2.5	98.73085764897797	6.5	2.5	98.73085764897797
234	grid-0219	succeeded	6.0	2.25	85.7750707802011	6.0	2.25	85.7750707802011
235	grid-0220	succeeded	6.5	1.125	35.315009476281745	6.5	1.125	35.315009476281745
236	grid-0221	succeeded	6.5	1.375	46.591403999294	6.5	1.375	46.591403999294
237	grid-0222	succeeded	7.5	1.125	37.92647557099784	7.5	1.125	37.92647557099784
238	grid-0223	succeeded	7.5	1.375	49.40146601197792	7.5	1.375	49.40146601197792
