row_index	case_id	status	U	V	nearest_neighbor_spin_correlation	U_numeric	V_numeric	nearest_neighbor_spin_correlation_numeric
0	case-0001	succeeded	1	1	-0.06033846785068561	1.0	1.0	-0.06033846785068561
1	case-0002	succeeded	1	2	-0.016785731420023122	1.0	2.0	-0.016785731420023122
2	case-0003	succeeded	1	4	-0.004058255228112182	1.0	4.0	-0.004058255228112182
3	case-0004	succeeded	1	8	-0.0009818902626889871	1.0	8.0	-0.0009818902626889871
4	case-0005	succeeded	2	1	-0.09513552271956434	2.0	1.0	-0.09513552271956434
5	case-0006	succeeded	2	2	-0.02077759676443308	2.0	2.0	-0.02077759676443308
6	case-0007	succeeded	2	4	-0.00451120545049681	2.0	4.0	-0.00451120545049681
7	case-0008	succeeded	2	8	-0.001034014716252979	2.0	8.0	-0.001034014716252979
8	case-0009	succeeded	4	1	-0.15350777904334986	4.0	1.0	-0.15350777904334986
9	case-0010	succeeded	4	2	-0.03466038662886755	4.0	2.0	-0.03466038662886755
10	case-0011	succeeded	4	4	-0.00567674416749887	4.0	4.0	-0.00567674416749887
11	case-0012	succeeded	4	8	-0.0011515370940627326	4.0	8.0	-0.0011515370940627326
12	case-0013	succeeded	8	1	-0.32060888536634785	8.0	1.0	-0.32060888536634785
13	case-0014	succeeded	8	2	-0.2839501148845596	8.0	2.0	-0.2839501148845596
14	case-0015	succeeded	8	4	-0.009932154238796542	8.0	4.0	-0.009932154238796542
15	case-0016	succeeded	8	8	-0.0014551915428751762	8.0	8.0	-0.0014551915428751762
16	grid-0001	succeeded	1.5	1.5	-0.03379337980779988	1.5	1.5	-0.03379337980779988
17	grid-0002	succeeded	1.5	3.0	-0.00786839907800851	1.5	3.0	-0.00786839907800851
18	grid-0003	succeeded	1.5	6.0	-0.0018287080290250665	1.5	6.0	-0.0018287080290250665
19	grid-0004	succeeded	3.0	1.5	-0.05398173071153003	3.0	1.5	-0.05398173071153003
20	grid-0005	succeeded	3.0	3.0	-0.009861965109244688	3.0	3.0	-0.009861965109244688
21	grid-0006	succeeded	3.0	6.0	-0.0020350137836496708	3.0	6.0	-0.0020350137836496708
22	grid-0007	succeeded	6.0	1.5	-0.33421926564067594	6.0	1.5	-0.33421926564067594
23	grid-0008	succeeded	6.0	3.0	-0.017032586779930445	6.0	3.0	-0.017032586779930445
24	grid-0009	succeeded	6.0	6.0	-0.002568570142483005	6.0	6.0	-0.002568570142483005
25	grid-0010	succeeded	6.0	1.0	-0.3132591274496612	6.0	1.0	-0.3132591274496612
26	grid-0011	succeeded	6.0	2.0	-0.3077575416380495	6.0	2.0	-0.3077575416380495
27	grid-0012	succeeded	4.0	1.5	-0.25781809878708534	4.0	1.5	-0.25781809878708534
28	grid-0013	succeeded	8.0	1.5	-0.3367307767473356	8.0	1.5	-0.3367307767473356
29	grid-0014	succeeded	6.0	4.0	-0.0073609694567176205	6.0	4.0	-0.0073609694567176205
30	grid-0015	succeeded	4.0	3.0	-0.01164031035566084	4.0	3.0	-0.01164031035566084
31	grid-0016	succeeded	8.0	3.0	-0.02760503010274333	8.0	3.0	-0.02760503010274333
32	grid-0017	succeeded	3.0	1.0	-0.14638375648184898	3.0	1.0	-0.14638375648184898
33	grid-0018	succeeded	3.0	2.0	-0.026377841279771812	3.0	2.0	-0.026377841279771812
34	grid-0019	succeeded	2.0	1.5	-0.03900069709180383	2.0	1.5	-0.03900069709180383
35	grid-0020	succeeded	1.5	1.0	-0.07210677968291286	1.5	1.0	-0.07210677968291286
36	grid-0021	succeeded	1.5	2.0	-0.01862378780002052	1.5	2.0	-0.01862378780002052
37	grid-0022	succeeded	1.0	1.5	-0.029556830629969475	1.0	1.5	-0.029556830629969475
38	grid-0023	succeeded	3.0	4.0	-0.005043657506848694	3.0	4.0	-0.005043657506848694
39	grid-0024	succeeded	2.0	3.0	-0.008459735138597668	2.0	3.0	-0.008459735138597668
40	grid-0025	succeeded	1.25	1.25	-0.04468291135448906	1.25	1.25	-0.04468291135448906
41	grid-0026	succeeded	1.25	1.75	-0.02320972110087902	1.25	1.75	-0.02320972110087902
42	grid-0027	succeeded	1.75	1.25	-0.052426506058298704	1.75	1.25	-0.052426506058298704
43	grid-0028	succeeded	1.75	1.75	-0.026191318926930194	1.75	1.75	-0.026191318926930194
44	grid-0029	succeeded	2.5	1.25	-0.06886543885739718	2.5	1.25	-0.06886543885739718
45	grid-0030	succeeded	2.5	1.75	-0.03186284377783088	2.5	1.75	-0.03186284377783088
46	grid-0031	succeeded	2.5	2.5	-0.013875189725160176	2.5	2.5	-0.013875189725160176
47	grid-0032	succeeded	2.5	3.5	-0.006428102634134804	2.5	3.5	-0.006428102634134804
48	grid-0033	succeeded	3.5	1.25	-0.24436978394613673	3.5	1.25	-0.24436978394613673
49	grid-0034	succeeded	3.5	1.75	-0.04292000379230617	3.5	1.75	-0.04292000379230617
50	grid-0035	succeeded	3.5	2.5	-0.016883653863822005	3.5	2.5	-0.016883653863822005
51	grid-0036	succeeded	3.5	3.5	-0.007345665858810565	3.5	3.5	-0.007345665858810565
52	grid-0037	succeeded	5.0	1.25	-0.16482942272969933	5.0	1.25	-0.16482942272969933
53	grid-0038	succeeded	5.0	1.75	-0.2868632580155137	5.0	1.75	-0.2868632580155137
54	grid-0039	succeeded	5.0	2.5	-0.023662060089190164	5.0	2.5	-0.023662060089190164
55	grid-0040	succeeded	5.0	3.5	-0.009143535749253615	5.0	3.5	-0.009143535749253615
56	grid-0041	succeeded	7.0	1.25	-0.3270486152724114	7.0	1.25	-0.3270486152724114
57	grid-0042	succeeded	7.0	1.75	-0.2626834570348825	7.0	1.75	-0.2626834570348825
58	grid-0043	succeeded	7.0	2.5	-0.042787209730753256	7.0	2.5	-0.042787209730753256
59	grid-0044	succeeded	7.0	3.5	-0.01279007344529629	7.0	3.5	-0.01279007344529629
60	grid-0045	succeeded	7.0	2.0	-0.2298462102268072	7.0	2.0	-0.2298462102268072
61	grid-0046	succeeded	7.0	3.0	-0.021310681777977476	7.0	3.0	-0.021310681777977476
62	grid-0047	succeeded	6.0	2.5	-0.030894454800694554	6.0	2.5	-0.030894454800694554
63	grid-0048	succeeded	8.0	2.5	-0.25931978664563776	8.0	2.5	-0.25931978664563776
64	grid-0049	succeeded	3.5	1.0	-0.25464500830636844	3.5	1.0	-0.25464500830636844
65	grid-0050	succeeded	3.5	1.5	-0.06559997441591034	3.5	1.5	-0.06559997441591034
66	grid-0051	succeeded	3.0	1.25	-0.21598518258722643	3.0	1.25	-0.21598518258722643
67	grid-0052	succeeded	4.0	1.25	-0.26733194361932383	4.0	1.25	-0.26733194361932383
68	grid-0053	succeeded	5.0	2.0	-0.2786886668810526	5.0	2.0	-0.2786886668810526
69	grid-0054	succeeded	5.0	3.0	-0.013949658715651243	5.0	3.0	-0.013949658715651243
70	grid-0055	succeeded	4.0	2.5	-0.01877086894126038	4.0	2.5	-0.01877086894126038
71	grid-0056	succeeded	5.0	1.5	-0.29472210711287833	5.0	1.5	-0.29472210711287833
72	grid-0057	succeeded	4.0	1.75	-0.05099341519227548	4.0	1.75	-0.05099341519227548
73	grid-0058	succeeded	6.0	1.75	-0.31445920982756	6.0	1.75	-0.31445920982756
74	grid-0059	succeeded	3.5	2.0	-0.030081585231834542	3.5	2.0	-0.030081585231834542
75	grid-0060	succeeded	3.0	1.75	-0.03675044279805497	3.0	1.75	-0.03675044279805497
76	grid-0061	succeeded	5.0	1.0	-0.14176956755010237	5.0	1.0	-0.14176956755010237
77	grid-0062	succeeded	6.0	1.25	-0.246415911099224	6.0	1.25	-0.246415911099224
78	grid-0063	succeeded	7.0	1.5	-0.31944649266659636	7.0	1.5	-0.31944649266659636
79	grid-0064	succeeded	8.0	1.75	-0.2944323370306788	8.0	1.75	-0.2944323370306788
80	grid-0065	succeeded	1.25	1.0	-0.065779942364341	1.25	1.0	-0.065779942364341
81	grid-0066	succeeded	1.25	1.5	-0.031570087542147796	1.25	1.5	-0.031570087542147796
82	grid-0067	succeeded	1.0	1.25	-0.04143617443906992	1.0	1.25	-0.04143617443906992
83	grid-0068	succeeded	1.5	1.25	-0.04832151085318411	1.5	1.25	-0.04832151085318411
