row_index	case_id	status	U	V	nearest_neighbor_charge_correlation	U_numeric	V_numeric	nearest_neighbor_charge_correlation_numeric
0	case-0001	succeeded	1	1	-0.08623549408044047	1.0	1.0	-0.08623549408044047
1	case-0002	succeeded	1	2	-0.023011819509873993	1.0	2.0	-0.023011819509873993
2	case-0003	succeeded	1	4	-0.005462211533170248	1.0	4.0	-0.005462211533170248
3	case-0004	succeeded	1	8	-0.0013138475531801416	1.0	8.0	-0.0013138475531801416
4	case-0005	succeeded	2	1	-0.12209946280353179	2.0	1.0	-0.12209946280353179
5	case-0006	succeeded	2	2	-0.028294867289379393	2.0	2.0	-0.028294867289379393
6	case-0007	succeeded	2	4	-0.0060669259304753954	2.0	4.0	-0.0060669259304753954
7	case-0008	succeeded	2	8	-0.0013835316433764861	2.0	8.0	-0.0013835316433764861
8	case-0009	succeeded	4	1	-0.11441404434543884	4.0	1.0	-0.11441404434543884
9	case-0010	succeeded	4	2	-0.04582799543696047	4.0	2.0	-0.04582799543696047
10	case-0011	succeeded	4	4	-0.007618625532495119	4.0	4.0	-0.007618625532495119
11	case-0012	succeeded	4	8	-0.0015405562300154503	4.0	8.0	-0.0015405562300154503
12	case-0013	succeeded	8	1	-0.03812538822781004	8.0	1.0	-0.03812538822781004
13	case-0014	succeeded	8	2	-0.04687509387596541	8.0	2.0	-0.04687509387596541
14	case-0015	succeeded	8	4	-0.013209970874060529	8.0	4.0	-0.013209970874060529
15	case-0016	succeeded	8	8	-0.001945665749900423	8.0	8.0	-0.001945665749900423
16	grid-0001	succeeded	1.5	1.5	-0.046665040456380376	1.5	1.5	-0.046665040456380376
17	grid-0002	succeeded	1.5	3.0	-0.01063475968634261	1.5	3.0	-0.01063475968634261
18	grid-0003	succeeded	1.5	6.0	-0.0024512268844340147	1.5	6.0	-0.0024512268844340147
19	grid-0004	succeeded	3.0	1.5	-0.07116172114102483	3.0	1.5	-0.07116172114102483
20	grid-0005	succeeded	3.0	3.0	-0.01328236365296466	3.0	3.0	-0.01328236365296466
21	grid-0006	succeeded	3.0	6.0	-0.0027264355564962923	3.0	6.0	-0.0027264355564962923
22	grid-0007	succeeded	6.0	1.5	-0.07370768528128346	6.0	1.5	-0.07370768528128346
23	grid-0008	succeeded	6.0	3.0	-0.022612376111183604	6.0	3.0	-0.022612376111183604
24	grid-0009	succeeded	6.0	6.0	-0.003437766849243197	6.0	6.0	-0.003437766849243197
25	grid-0010	succeeded	6.0	1.0	-0.06208382916740122	6.0	1.0	-0.06208382916740122
26	grid-0011	succeeded	6.0	2.0	-0.08306055119813434	6.0	2.0	-0.08306055119813434
27	grid-0012	succeeded	4.0	1.5	-0.12648211689181288	4.0	1.5	-0.12648211689181288
28	grid-0013	succeeded	8.0	1.5	-0.043546615331042184	8.0	1.5	-0.043546615331042184
29	grid-0014	succeeded	6.0	4.0	-0.0098450715060123	6.0	4.0	-0.0098450715060123
30	grid-0015	succeeded	4.0	3.0	-0.015626711352787193	4.0	3.0	-0.015626711352787193
31	grid-0016	succeeded	8.0	3.0	-0.03574421979583806	8.0	3.0	-0.03574421979583806
32	grid-0017	succeeded	3.0	1.0	-0.1513817604134746	3.0	1.0	-0.1513817604134746
33	grid-0018	succeeded	3.0	2.0	-0.0355314701517949	3.0	2.0	-0.0355314701517949
34	grid-0019	succeeded	2.0	1.5	-0.053289155393377446	2.0	1.5	-0.053289155393377446
35	grid-0020	succeeded	1.5	1.0	-0.1005026468345321	1.5	1.0	-0.1005026468345321
36	grid-0021	succeeded	1.5	2.0	-0.025456505510176378	1.5	2.0	-0.025456505510176378
37	grid-0022	succeeded	1.0	1.5	-0.04113268195696158	1.0	1.5	-0.04113268195696158
38	grid-0023	succeeded	3.0	4.0	-0.006776940893337062	3.0	4.0	-0.006776940893337062
39	grid-0024	succeeded	2.0	3.0	-0.011422818213955062	2.0	3.0	-0.011422818213955062
40	grid-0025	succeeded	1.25	1.25	-0.062487389460492676	1.25	1.25	-0.062487389460492676
41	grid-0026	succeeded	1.25	1.75	-0.03195562417935508	1.25	1.75	-0.03195562417935508
42	grid-0027	succeeded	1.75	1.25	-0.07209661264107847	1.75	1.25	-0.07209661264107847
43	grid-0028	succeeded	1.75	1.75	-0.0358705905343926	1.75	1.75	-0.0358705905343926
44	grid-0029	succeeded	2.5	1.25	-0.09087422895998425	2.5	1.25	-0.09087422895998425
45	grid-0030	succeeded	2.5	1.75	-0.04315035396488057	2.5	1.75	-0.04315035396488057
46	grid-0031	succeeded	2.5	2.5	-0.018761799203739236	2.5	2.5	-0.018761799203739236
47	grid-0032	succeeded	2.5	3.5	-0.008653365357983741	2.5	3.5	-0.008653365357983741
48	grid-0033	succeeded	3.5	1.25	-0.13343102294472323	3.5	1.25	-0.13343102294472323
49	grid-0034	succeeded	3.5	1.75	-0.056659736982143764	3.5	1.75	-0.056659736982143764
50	grid-0035	succeeded	3.5	2.5	-0.02270289358574018	3.5	2.5	-0.02270289358574018
51	grid-0036	succeeded	3.5	3.5	-0.009872788117959493	3.5	3.5	-0.009872788117959493
52	grid-0037	succeeded	5.0	1.25	-0.1072204056724646	5.0	1.25	-0.1072204056724646
53	grid-0038	succeeded	5.0	1.75	-0.10264278551554118	5.0	1.75	-0.10264278551554118
54	grid-0039	succeeded	5.0	2.5	-0.031363265637228584	5.0	2.5	-0.031363265637228584
55	grid-0040	succeeded	5.0	3.5	-0.012245097689978826	5.0	3.5	-0.012245097689978826
56	grid-0041	succeeded	7.0	1.25	-0.051818866661376944	7.0	1.25	-0.051818866661376944
57	grid-0042	succeeded	7.0	1.75	-0.05593889397449542	7.0	1.75	-0.05593889397449542
58	grid-0043	succeeded	7.0	2.5	-0.05403657417338259	7.0	2.5	-0.05403657417338259
59	grid-0044	succeeded	7.0	3.5	-0.016998297109080768	7.0	3.5	-0.016998297109080768
60	grid-0045	succeeded	7.0	2.0	-0.12305264986025044	7.0	2.0	-0.12305264986025044
61	grid-0046	succeeded	7.0	3.0	-0.028017460962401874	7.0	3.0	-0.028017460962401874
62	grid-0047	succeeded	6.0	2.5	-0.04024991433754207	6.0	2.5	-0.04024991433754207
63	grid-0048	succeeded	8.0	2.5	-0.05293901830685587	8.0	2.5	-0.05293901830685587
64	grid-0049	succeeded	3.5	1.0	-0.12308129137376557	3.5	1.0	-0.12308129137376557
65	grid-0050	succeeded	3.5	1.5	-0.08371567623995636	3.5	1.5	-0.08371567623995636
66	grid-0051	succeeded	3.0	1.25	-0.1509183373560862	3.0	1.25	-0.1509183373560862
67	grid-0052	succeeded	4.0	1.25	-0.11649519199647644	4.0	1.25	-0.11649519199647644
68	grid-0053	succeeded	5.0	2.0	-0.11148577264637365	5.0	2.0	-0.11148577264637365
69	grid-0054	succeeded	5.0	3.0	-0.018641399883253366	5.0	3.0	-0.018641399883253366
70	grid-0055	succeeded	4.0	2.5	-0.02514531511737476	4.0	2.5	-0.02514531511737476
71	grid-0056	succeeded	5.0	1.5	-0.0950220533098524	5.0	1.5	-0.0950220533098524
72	grid-0057	succeeded	4.0	1.75	-0.06590963030852622	4.0	1.75	-0.06590963030852622
73	grid-0058	succeeded	6.0	1.75	-0.0773896975718493	6.0	1.75	-0.0773896975718493
74	grid-0059	succeeded	3.5	2.0	-0.04019764986947354	3.5	2.0	-0.04019764986947354
75	grid-0060	succeeded	3.0	1.75	-0.04923717320972228	3.0	1.75	-0.04923717320972228
76	grid-0061	succeeded	5.0	1.0	-0.08389243820647634	5.0	1.0	-0.08389243820647634
77	grid-0062	succeeded	6.0	1.25	-0.06281751384881044	6.0	1.25	-0.06281751384881044
78	grid-0063	succeeded	7.0	1.5	-0.05478587804191393	7.0	1.5	-0.05478587804191393
79	grid-0064	succeeded	8.0	1.75	-0.044364757649534986	8.0	1.75	-0.044364757649534986
80	grid-0065	succeeded	1.25	1.0	-0.09292799904424391	1.25	1.0	-0.09292799904424391
81	grid-0066	succeeded	1.25	1.5	-0.0437773618456028	1.25	1.5	-0.0437773618456028
82	grid-0067	succeeded	1.0	1.25	-0.05831925199415378	1.0	1.25	-0.05831925199415378
83	grid-0068	succeeded	1.5	1.25	-0.06706211446056219	1.5	1.25	-0.06706211446056219
