row_index	case_id	status	U	V	mean_double_occupancy	U_numeric	V_numeric	mean_double_occupancy_numeric
0	case-0001	succeeded	1	1	0.391858460903885	1.0	1.0	0.391858460903885
1	case-0002	succeeded	1	2	0.47469265259008026	1.0	2.0	0.47469265259008026
2	case-0003	succeeded	1	4	0.49337630758858186	1.0	4.0	0.49337630758858186
3	case-0004	succeeded	1	8	0.4979239746437996	1.0	8.0	0.4979239746437996
4	case-0005	succeeded	2	1	0.3731897571789884	2.0	1.0	0.3731897571789884
5	case-0006	succeeded	2	2	0.46823225613938807	2.0	2.0	0.46823225613938807
6	case-0007	succeeded	2	4	0.4927427974779377	2.0	4.0	0.4927427974779377
7	case-0008	succeeded	2	8	0.4978143167865757	2.0	8.0	0.4978143167865757
8	case-0009	succeeded	4	1	0.200576604871736	4.0	1.0	0.200576604871736
9	case-0010	succeeded	4	2	0.44422118907491887	4.0	2.0	0.44422118907491887
10	case-0011	succeeded	4	4	0.49102425885231177	4.0	4.0	0.49102425885231177
11	case-0012	succeeded	4	8	0.4975811262537667	4.0	8.0	0.4975811262537667
12	case-0013	succeeded	8	1	0.059484125375356335	8.0	1.0	0.059484125375356335
13	case-0014	succeeded	8	2	0.07591396614538364	8.0	2.0	0.07591396614538364
14	case-0015	succeeded	8	4	0.4850023735303625	8.0	4.0	0.4850023735303625
15	case-0016	succeeded	8	8	0.4970634441020282	8.0	8.0	0.4970634441020282
16	grid-0001	succeeded	1.5	1.5	0.44615450720488403	1.5	1.5	0.44615450720488403
17	grid-0002	succeeded	1.5	3.0	0.4881055629384341	1.5	3.0	0.4881055629384341
18	grid-0003	succeeded	1.5	6.0	0.4965120438468176	1.5	6.0	0.4965120438468176
19	grid-0004	succeeded	3.0	1.5	0.40656519199257213	3.0	1.5	0.40656519199257213
20	grid-0005	succeeded	3.0	3.0	0.4852614132278198	3.0	3.0	0.4852614132278198
21	grid-0006	succeeded	3.0	6.0	0.4962496473809988	3.0	6.0	0.4962496473809988
22	grid-0007	succeeded	6.0	1.5	0.0773482243033597	6.0	1.5	0.0773482243033597
23	grid-0008	succeeded	6.0	3.0	0.4739432216639464	6.0	3.0	0.4739432216639464
24	grid-0009	succeeded	6.0	6.0	0.4954182683136241	6.0	6.0	0.4954182683136241
25	grid-0010	succeeded	6.0	1.0	0.0796523680781649	6.0	1.0	0.0796523680781649
26	grid-0011	succeeded	6.0	2.0	0.09091121476872632	6.0	2.0	0.09091121476872632
27	grid-0012	succeeded	4.0	1.5	0.1377744314980471	4.0	1.5	0.1377744314980471
28	grid-0013	succeeded	8.0	1.5	0.056237091971583344	8.0	1.5	0.056237091971583344
29	grid-0014	succeeded	6.0	4.0	0.4886711480977248	6.0	4.0	0.4886711480977248
30	grid-0015	succeeded	4.0	3.0	0.4825271561945379	4.0	3.0	0.4825271561945379
31	grid-0016	succeeded	8.0	3.0	0.4558614529808737	8.0	3.0	0.4558614529808737
32	grid-0017	succeeded	3.0	1.0	0.28607595221296717	3.0	1.0	0.28607595221296717
33	grid-0018	succeeded	3.0	2.0	0.45885356494101764	3.0	2.0	0.45885356494101764
34	grid-0019	succeeded	2.0	1.5	0.4366304979203488	2.0	1.5	0.4366304979203488
35	grid-0020	succeeded	1.5	1.0	0.36059254277359043	1.5	1.0	0.36059254277359043
36	grid-0021	succeeded	1.5	2.0	0.47174655399055976	1.5	2.0	0.47174655399055976
37	grid-0022	succeeded	1.0	1.5	0.45361730437920705	1.0	1.5	0.45361730437920705
38	grid-0023	succeeded	3.0	4.0	0.49194043439187	3.0	4.0	0.49194043439187
39	grid-0024	succeeded	2.0	3.0	0.48724266273120015	2.0	3.0	0.48724266273120015
40	grid-0025	succeeded	1.25	1.25	0.4258100134152405	1.25	1.25	0.4258100134152405
41	grid-0026	succeeded	1.25	1.75	0.4643069329020644	1.25	1.75	0.4643069329020644
42	grid-0027	succeeded	1.75	1.25	0.4100161786350787	1.75	1.25	0.4100161786350787
43	grid-0028	succeeded	1.75	1.75	0.45929645649950285	1.75	1.75	0.45929645649950285
44	grid-0029	succeeded	2.5	1.25	0.3707276577846203	2.5	1.25	0.3707276577846203
45	grid-0030	succeeded	2.5	1.75	0.4494605436918418	2.5	1.75	0.4494605436918418
46	grid-0031	succeeded	2.5	2.5	0.4791751967607695	2.5	2.5	0.4791751967607695
47	grid-0032	succeeded	2.5	3.5	0.4900616907231333	2.5	3.5	0.4900616907231333
48	grid-0033	succeeded	3.5	1.25	0.14894173583735865	3.5	1.25	0.14894173583735865
49	grid-0034	succeeded	3.5	1.75	0.4289444618009583	3.5	1.75	0.4289444618009583
50	grid-0035	succeeded	3.5	2.5	0.4743821111217648	3.5	2.5	0.4743821111217648
51	grid-0036	succeeded	3.5	3.5	0.4886974315074675	3.5	3.5	0.4886974315074675
52	grid-0037	succeeded	5.0	1.25	0.19062555772596562	5.0	1.25	0.19062555772596562
53	grid-0038	succeeded	5.0	1.75	0.1113828155676168	5.0	1.75	0.1113828155676168
54	grid-0039	succeeded	5.0	2.5	0.4631561228086758	5.0	2.5	0.4631561228086758
55	grid-0040	succeeded	5.0	3.5	0.4861779770724897	5.0	3.5	0.4861779770724897
56	grid-0041	succeeded	7.0	1.25	0.06647096258499138	7.0	1.25	0.06647096258499138
57	grid-0042	succeeded	7.0	1.75	0.09219003512974275	7.0	1.75	0.09219003512974275
58	grid-0043	succeeded	7.0	2.5	0.42783912344972014	7.0	2.5	0.42783912344972014
59	grid-0044	succeeded	7.0	3.5	0.48061494507700736	7.0	3.5	0.48061494507700736
60	grid-0045	succeeded	7.0	2.0	0.18338132958107792	7.0	2.0	0.18338132958107792
61	grid-0046	succeeded	7.0	3.0	0.4668198418674986	7.0	3.0	0.4668198418674986
62	grid-0047	succeeded	6.0	2.5	0.45050337997793766	6.0	2.5	0.45050337997793766
63	grid-0048	succeeded	8.0	2.5	0.08796075443376367	8.0	2.5	0.08796075443376367
64	grid-0049	succeeded	3.5	1.0	0.14044932184164224	3.5	1.0	0.14044932184164224
65	grid-0050	succeeded	3.5	1.5	0.3791183024033563	3.5	1.5	0.3791183024033563
66	grid-0051	succeeded	3.0	1.25	0.17100828945797658	3.0	1.25	0.17100828945797658
67	grid-0052	succeeded	4.0	1.25	0.12971851430579365	4.0	1.25	0.12971851430579365
68	grid-0053	succeeded	5.0	2.0	0.11844982780762447	5.0	2.0	0.11844982780762447
69	grid-0054	succeeded	5.0	3.0	0.47891904591453444	5.0	3.0	0.47891904591453444
70	grid-0055	succeeded	4.0	2.5	0.47131398915434963	4.0	2.5	0.47131398915434963
71	grid-0056	succeeded	5.0	1.5	0.10500266265823362	5.0	1.5	0.10500266265823362
72	grid-0057	succeeded	4.0	1.75	0.4125735431052843	4.0	1.75	0.4125735431052843
73	grid-0058	succeeded	6.0	1.75	0.08590700260393087	6.0	1.75	0.08590700260393087
74	grid-0059	succeeded	3.5	2.0	0.4524294555102593	3.5	2.0	0.4524294555102593
75	grid-0060	succeeded	3.0	1.75	0.44062856183388915	3.0	1.75	0.44062856183388915
76	grid-0061	succeeded	5.0	1.0	0.1722048633583694	5.0	1.0	0.1722048633583694
77	grid-0062	succeeded	6.0	1.25	0.10673880627823917	6.0	1.25	0.10673880627823917
78	grid-0063	succeeded	7.0	1.5	0.07036870498702152	7.0	1.5	0.07036870498702152
79	grid-0064	succeeded	8.0	1.75	0.07103402974902781	8.0	1.75	0.07103402974902781
80	grid-0065	succeeded	1.25	1.0	0.37832077810041775	1.25	1.0	0.37832077810041775
81	grid-0066	succeeded	1.25	1.5	0.4500986427056531	1.25	1.5	0.4500986427056531
82	grid-0067	succeeded	1.0	1.25	0.4320857417790718	1.0	1.25	0.4320857417790718
83	grid-0068	succeeded	1.5	1.25	0.4185455758397373	1.5	1.25	0.4185455758397373
