row_index	case_id	status	BLA	S1_Ha	BLA_numeric	S1_Ha_numeric
0	point01	succeeded	-0.0590729642	-1695.7746870143196	-0.0590729642	-1695.7746870143196
1	point02	succeeded	-0.0465727978	-1695.7812808286515	-0.0465727978	-1695.7812808286515
2	point03	succeeded	-0.0340722503	-1695.786403303823	-0.0340722503	-1695.786403303823
3	point04	succeeded	-0.0240727937	-1695.7890223895702	-0.0240727937	-1695.7890223895702
4	point05	succeeded	-0.014072318	-1695.7902867050066	-0.014072318	-1695.7902867050066
5	point06	succeeded	-0.0040733243	-1695.7903129027507	-0.0040733243	-1695.7903129027507
6	point07	succeeded	0.0059282302	-1695.7893000594627	0.0059282302	-1695.7893000594627
7	point08	succeeded	0.0159277427	-1695.7874207336502	0.0159277427	-1695.7874207336502
8	point09	succeeded	0.0259265505	-1695.7847873261621	0.0259265505	-1695.7847873261621
9	point10	succeeded	0.0359257567	-1695.7814728611884	0.0359257567	-1695.7814728611884
10	point11	succeeded	0.0459268378	-1695.7775082138103	0.0459268378	-1695.7775082138103
11	point12	succeeded	0.0559242852	-1695.7729175949971	0.0559242852	-1695.7729175949971
12	point13	succeeded	0.0659194806	-1695.7677167874383	0.0659194806	-1695.7677167874383
13	point14	succeeded	0.0759093457	-1695.7619035572268	0.0759093457	-1695.7619035572268
14	point15	succeeded	0.085829855	-1695.7555229020454	0.085829855	-1695.7555229020454
15	point16	succeeded	0.0958308273	-1695.7484971572692	0.0958308273	-1695.7484971572692
16	point17	succeeded	0.1058296012	-1695.7408681223612	0.1058296012	-1695.7408681223612
17	point18	succeeded	0.115831617	-1695.7326344817402	0.115831617	-1695.7326344817402
18	point19	succeeded	0.1258311027	-1695.723750079286	0.1258311027	-1695.723750079286
19	point20	succeeded	0.1358309797	-1695.7140489924736	0.1358309797	-1695.7140489924736
20	point21	succeeded	0.1458315784	-1695.704053260835	0.1458315784	-1695.704053260835
21	point22	succeeded	0.155829761	-1695.6934957779752	0.155829761	-1695.6934957779752
22	point23	succeeded	0.1658306063	-1695.6823564576293	0.1658306063	-1695.6823564576293
