row_index	case_id	status	BLA	S0_Ha	BLA_numeric	S0_Ha_numeric
0	point01	succeeded	-0.0590729642	-1695.83631424644	-0.0590729642	-1695.83631424644
1	point02	succeeded	-0.0465727978	-1695.8405099645267	-0.0465727978	-1695.8405099645267
2	point03	succeeded	-0.0340722503	-1695.843503809123	-0.0340722503	-1695.843503809123
3	point04	succeeded	-0.0240727937	-1695.8484609257666	-0.0240727937	-1695.8484609257666
4	point05	succeeded	-0.014072318	-1695.8536979121247	-0.014072318	-1695.8536979121247
5	point06	succeeded	-0.0040733243	-1695.859046114211	-0.0040733243	-1695.859046114211
6	point07	succeeded	0.0059282302	-1695.8643163341612	0.0059282302	-1695.8643163341612
7	point08	succeeded	0.0159277427	-1695.8693414321644	0.0159277427	-1695.8693414321644
8	point09	succeeded	0.0259265505	-1695.87399653519	0.0259265505	-1695.87399653519
9	point10	succeeded	0.0359257567	-1695.8781998690915	0.0359257567	-1695.8781998690915
10	point11	succeeded	0.0459268378	-1695.8818850394418	0.0459268378	-1695.8818850394418
11	point12	succeeded	0.0559242852	-1695.8850063261384	0.0559242852	-1695.8850063261384
12	point13	succeeded	0.0659194806	-1695.8875388009515	0.0659194806	-1695.8875388009515
13	point14	succeeded	0.0759093457	-1695.8894472398554	0.0759093457	-1695.8894472398554
14	point15	succeeded	0.085829855	-1695.8907109838299	0.085829855	-1695.8907109838299
15	point16	succeeded	0.0958308273	-1695.8913395923453	0.0958308273	-1695.8913395923453
16	point17	succeeded	0.1058296012	-1695.8913061733995	0.1058296012	-1695.8913061733995
17	point18	succeeded	0.115831617	-1695.890599762792	0.115831617	-1695.890599762792
18	point19	succeeded	0.1258311027	-1695.8893467063024	0.1258311027	-1695.8893467063024
19	point20	succeeded	0.1358309797	-1695.887289322973	0.1358309797	-1695.887289322973
20	point21	succeeded	0.1458315784	-1695.8845508739848	0.1458315784	-1695.8845508739848
21	point22	succeeded	0.155829761	-1695.8811447979363	0.155829761	-1695.8811447979363
22	point23	succeeded	0.1658306063	-1695.8770648149534	0.1658306063	-1695.8770648149534
